Date,Permian_Oil_Prod,Permian_Gas_Prod,Appalachia_Oil_Prod,Appalachia_Gas_Prod,Haynesville_Oil_Prod,Haynesville_Gas_Prod,WTI_Price,HH_Price,Permian_Regional_Storage,Total_Shale_Gas,Permian_Share,Appalachia_Share,Haynesville_Share,Daily_Oil_Rev,Daily_Gas_Rev,Total_Rev,Oil_Rev_Pct,Bottleneck_Proxy,WTI_Price_Lag1,WTI_Price_Lag3,WTI_Price_Lag6,WTI_Price_Roll3,WTI_Price_Roll6,HH_Price_Lag1,HH_Price_Lag3,HH_Price_Lag6,HH_Price_Roll3,HH_Price_Roll6,Permian_Gas_Prod_Lag1,Permian_Gas_Prod_Lag3,Permian_Gas_Prod_Lag6,Permian_Gas_Prod_Roll3,Permian_Gas_Prod_Roll6,Total_Shale_Gas_Lag1,Total_Shale_Gas_Lag3,Total_Shale_Gas_Lag6,Total_Shale_Gas_Roll3,Total_Shale_Gas_Roll6,Month
2010-01-01,886345,4410393,26000,1900803,52393,5786073,78.33,5.83,846.4,12097269,36.45775753188592,15.7126620892699,47.829580378844184,69427403.85,4433205.377586207,73860609.2275862,93.99787596670616,5210.7667769376185,,,,,,,,,,,,,,,,,,,,,1
2010-02-01,906956,4488698,26000,2031823,53500,6079496,76.39,5.32,633.75,12600017,35.62453923673278,16.125557608374656,48.24990315489257,69282368.84,4117219.544827587,73399588.38482758,94.3906776108316,7082.758185404339,78.33,,,,,5.83,,,,,4410393.0,,,,,12097269.0,,,,,2
2010-03-01,907558,4455292,27000,2149410,55294,6494853,81.2,4.29,557.75,13099555,34.01101793152515,16.408267303736654,49.58071476473819,73693709.60000001,3295379.7724137935,76989089.3724138,95.71967950358098,7987.97310623039,76.39,,,78.64,,5.32,,,5.146666666666667,,4488698.0,,,4451461.0,,12600017.0,,,12598947.0,,3
2010-04-01,901779,4468225,27000,2245632,53467,6586900,84.29,4.03,678.2,13300757,33.59376462557733,16.883490165259015,49.52274520916366,76010951.91000001,3104645.9913793104,79115597.90137932,96.0758104928318,6588.358891182542,81.2,78.33,,80.62666666666668,,4.29,5.83,,4.546666666666667,,4455292.0,4410393.0,,4470738.333333333,,13099555.0,12097269.0,,13000109.666666666,,4
2010-05-01,910781,4480221,27000,2409260,52752,6789456,73.74,4.14,808.5,13678937,32.752698546678005,17.612918313754935,49.634383139567056,67160990.94,3197950.851724138,70358941.79172413,95.4548053590819,5541.398886827458,84.29,76.39,,79.74333333333334,,4.03,5.32,,4.153333333333333,,4468225.0,4488698.0,,4467912.666666667,,13300757.0,12600017.0,,13359749.666666666,,5
2010-06-01,904150,4371345,28000,2524767,51038,7154070,75.34,4.8,900.25,14050182,31.112372779228053,17.969639112148155,50.91798810862379,68118661.0,3617664.827586207,71736325.8275862,94.95699732896686,4855.701194112747,73.74,81.2,,77.79,78.215,4.14,4.29,,4.323333333333333,4.735,4480221.0,4455292.0,,4439930.333333333,4445695.666666667,13678937.0,13099555.0,,13676625.333333334,13137786.166666666,6
2010-07-01,917958,4386197,27000,2633468,49942,7385671,76.32,4.63,957.0,14405336,30.448418558234252,18.281198022732685,51.27038341903306,70058554.55999999,3501395.1913793106,73559949.7513793,95.24007941384754,4583.277951933124,75.34,84.29,78.33,75.13333333333333,77.88000000000001,4.8,4.03,5.83,4.523333333333333,4.534999999999999,4371345.0,4468225.0,4410393.0,4412587.666666667,4441663.0,14050182.0,13300757.0,12097269.0,14044818.333333334,13522464.0,7
2010-08-01,923845,4358943,27000,2777484,50178,7608398,76.6,4.32,932.75,14744825,29.56252786994759,18.83700891668772,51.60046321336469,70766527.0,3246660.993103449,74013187.99310344,95.61340204207124,4673.216831948539,76.32,73.74,76.39,76.08666666666666,77.91499999999999,4.63,4.14,5.32,4.583333333333333,4.368333333333333,4386197.0,4480221.0,4488698.0,4372161.666666667,4420037.166666667,14405336.0,13678937.0,12600017.0,14400114.333333334,13879932.0,8
2010-09-01,931252,4341880,27000,2990808,49775,7775895,75.24,3.89,990.25,15108583,28.737837294205555,19.795423568179757,51.466739137614695,70067400.47999999,2912054.0,72979454.47999999,96.00976189703083,4384.630143903055,76.6,75.34,81.2,76.05333333333333,76.92166666666667,4.32,4.8,4.29,4.28,4.301666666666667,4358943.0,4371345.0,4455292.0,4362340.0,4401135.166666667,14744825.0,14050182.0,13099555.0,14752914.666666666,14214770.0,9
2010-10-01,950555,4373250,27000,3259881,49975,7856177,81.89,3.43,1126.4,15489308,28.233992118950695,21.04600799467607,50.71999988637324,77840948.95,2586249.5689655175,80427198.51896553,96.78435949953465,3882.5017755681815,75.24,76.32,84.29,77.90999999999998,76.52166666666666,3.89,4.63,4.03,3.8800000000000003,4.201666666666667,4341880.0,4386197.0,4468225.0,4358024.333333333,4385306.0,15108583.0,14405336.0,13300757.0,15114238.666666666,14579528.5,10
2010-11-01,964631,4363595,27000,3407891,51316,8227569,84.25,3.71,1210.75,15999055,27.274079625327868,21.300576815318152,51.425343559353976,81270161.75,2791196.1120689656,84061357.86206897,96.67957289406523,3604.0429485855875,81.89,76.6,73.74,80.46,78.27333333333333,3.43,4.32,4.14,3.676666666666667,4.13,4373250.0,4358943.0,4480221.0,4359575.0,4365868.333333333,15489308.0,14744825.0,13678937.0,15532315.333333334,14966214.833333334,11
2010-12-01,972589,4336774,27000,3506867,51555,8526585,89.15,4.25,1123.6,16370226,26.491839514005488,21.422227158012358,52.08593332798216,86706309.35000001,3177808.5344827585,89884117.88448277,96.4645494562601,3859.713421146316,84.25,75.24,75.34,85.09666666666668,80.575,3.71,3.89,4.8,3.796666666666667,4.038333333333333,4363595.0,4341880.0,4371345.0,4357873.0,4360106.5,15999055.0,15108583.0,14050182.0,15952863.0,15352888.833333334,12
2011-01-01,979778,4250322,28000,3448636,50641,8652410,89.17,4.49,921.0,16351368,25.99367832709777,21.09081026125765,52.91551141164458,87366804.26,3290335.4793103454,90657139.73931035,96.37057214823687,4614.899022801303,89.15,81.89,76.32,87.52333333333335,82.71666666666665,4.25,3.43,4.63,4.1499999999999995,4.015000000000001,4336774.0,4373250.0,4386197.0,4316897.0,4337460.666666667,16370226.0,15489308.0,14405336.0,16240216.333333334,15677227.5,1
2011-02-01,902912,3839955,28000,3752066,50637,8783524,88.58,4.09,692.0,16375545,23.449326419364976,22.912617564789446,53.63805601584558,79979944.96,2707830.3362068967,82687775.29620689,96.72523498605831,5549.067919075144,89.17,84.25,76.6,88.96666666666668,84.71333333333334,4.49,3.71,4.32,4.276666666666666,3.9766666666666666,4250322.0,4363595.0,4358943.0,4142350.3333333335,4250962.666666667,16351368.0,15999055.0,14744825.0,16365713.0,15949014.166666666,2
2011-03-01,992353,4338409,29000,4034098,51321,9366108,102.86,3.97,687.75,17738615,24.457428046101683,22.741899522595197,52.80067243130312,102073429.58,2969566.160344828,105042995.74034482,97.1729993614374,6308.119229371137,88.58,89.15,75.24,93.53666666666668,89.31666666666666,4.09,4.25,3.89,4.183333333333333,3.99,3839955.0,4336774.0,4341880.0,4142895.3333333335,4250384.166666667,16375545.0,16370226.0,15108583.0,16821842.666666668,16387352.833333334,3
2011-04-01,989373,4229782,29000,4269627,49882,9591125,109.53,4.24,752.0,18090534,23.381189300437455,23.601442610815138,53.01736808874741,108366024.69,3092116.496551724,111458141.18655172,97.22575985600162,5624.710106382979,102.86,89.17,81.89,100.32333333333334,93.92333333333333,3.97,4.49,3.43,4.1,4.125,4338409.0,4250322.0,4373250.0,4136048.6666666665,4226472.833333333,17738615.0,16351368.0,15489308.0,17401564.666666668,16820890.5,4
2011-05-01,1000520,4306849,29000,4496429,50659,9886386,100.9,4.31,853.75,18689664,23.04401513050208,24.05837258497531,52.89761228452261,100952468.0,3200434.3431034484,104152902.34310345,96.92717699545184,5044.6254758418745,109.53,88.58,84.25,104.43,96.69833333333334,4.24,4.09,3.71,4.173333333333333,4.2250000000000005,4229782.0,3839955.0,4363595.0,4291680.0,4217015.166666667,18090534.0,16375545.0,15999055.0,18172937.666666668,17269325.333333332,5
2011-06-01,1001905,4314603,29000,4743609,48603,9758165,96.26,4.54,924.5,18816377,22.93004120825173,25.210001904192293,51.85995688755598,96443375.30000001,3377292.693103448,99820667.99310346,96.61663985925561,4666.958355868037,100.9,102.86,89.15,102.23,97.88333333333333,4.31,3.97,4.25,4.363333333333333,4.273333333333333,4306849.0,4338409.0,4336774.0,4283744.666666667,4213320.0,18689664.0,17738615.0,16370226.0,18532191.666666668,17677017.166666668,6
2011-07-01,1010371,4323691,28000,4532595,47824,9885841,97.3,4.42,961.4,18742127,23.069372008844034,24.18399469814712,52.74663329300885,98309098.3,3294950.727586207,101604049.0275862,96.75706749965092,4497.286249219887,96.26,109.53,89.17,98.15333333333335,99.23833333333334,4.54,4.24,4.49,4.423333333333333,4.261666666666667,4314603.0,4229782.0,4250322.0,4315047.666666667,4225548.166666667,18816377.0,18090534.0,16351368.0,18749389.333333332,18075477.0,7
2011-08-01,1029592,4273350,30000,4840476,47089,10141055,86.33,4.06,929.75,19254881,22.193593406264107,25.13895567570633,52.667450918029566,88884677.36,2991345.0,91876022.36,96.7441505159214,4596.235547190105,97.3,100.9,88.58,93.29666666666667,98.86333333333333,4.42,4.31,4.09,4.34,4.256666666666667,4323691.0,4306849.0,3839955.0,4303881.333333333,4297780.666666667,18742127.0,18689664.0,16375545.0,18937795.0,18555366.333333332,8
2011-09-01,1041809,4276711,28000,5171623,47006,10380316,85.52,3.9,979.2,19828650,21.568341768098183,26.08156884104566,52.350089390856155,89095505.67999999,2875719.4655172415,91971225.14551723,96.87324001505117,4367.556168300654,86.33,96.26,102.86,89.71666666666665,95.97333333333331,4.06,4.54,3.97,4.126666666666666,4.245,4273350.0,4314603.0,4338409.0,4291250.666666667,4287497.666666667,19254881.0,18816377.0,17738615.0,19275219.333333332,18903705.5,9
2011-10-01,1064929,4254522,28000,5557754,47892,10396565,86.32,3.57,1131.25,20208841,21.052775861812165,27.501596949572715,51.44562718861512,91924671.27999999,2618731.644827586,94543402.92482758,97.2301275775849,3760.903425414365,85.52,97.3,109.53,86.05666666666666,92.105,3.9,4.42,4.24,3.8433333333333333,4.133333333333333,4276711.0,4323691.0,4229782.0,4268194.333333333,4291621.0,19828650.0,18742127.0,18090534.0,19764124.0,19256756.666666668,10
2011-11-01,1096429,4317062,28000,5901943,50272,10547997,97.16,3.24,1215.25,20767002,20.788084866558975,28.41981235423389,50.79210277920713,106529041.64,2411600.151724138,108940641.79172415,97.78631728980015,3552.4065007200165,86.32,86.33,100.9,89.66666666666667,91.48166666666667,3.57,4.06,4.31,3.5700000000000003,3.9549999999999996,4254522.0,4273350.0,4306849.0,4282765.0,4293323.166666667,20208841.0,19254881.0,18689664.0,20268164.333333332,19602979.666666668,11
2011-12-01,1096220,4250039,28000,6194063,54549,10418108,98.56,3.17,1187.8,20862210,20.37195004747819,29.69034920077978,49.93770075174203,108043443.2,2322866.143103448,110366309.34310345,97.89531229509343,3578.0762754672505,97.16,85.52,96.26,94.01333333333332,91.865,3.24,3.9,4.54,3.3266666666666667,3.7266666666666666,4317062.0,4276711.0,4314603.0,4273874.333333333,4282562.5,20767002.0,19828650.0,18816377.0,20612684.333333332,19943951.833333332,12
2012-01-01,1111037,4286097,31000,6041043,52665,10295306,100.27,2.67,1109.75,20622446,20.783650009315092,29.29353288159901,49.9228171090859,111403679.99,1973082.5844827585,113376762.57448275,98.25971165547566,3862.218517684163,98.56,86.32,97.3,98.66333333333334,92.36,3.17,3.57,4.42,3.026666666666667,3.435,4250039.0,4254522.0,4323691.0,4284399.333333333,4276296.833333333,20862210.0,20208841.0,18742127.0,20750552.666666668,20257338.333333332,1
2012-02-01,1126110,4293557,32000,6419382,53077,9913611,102.2,2.51,994.25,20626550,20.815681730585094,31.121937502878573,48.062380766536336,115088442.0,1858073.8051724138,116946515.80517241,98.41117643191023,4318.387729444305,100.27,97.16,86.33,100.34333333333332,95.005,2.67,3.24,4.06,2.783333333333333,3.1766666666666663,4286097.0,4317062.0,4273350.0,4276564.333333333,4279664.666666667,20622446.0,20767002.0,19254881.0,20703735.333333332,20485949.833333332,2
2012-03-01,1137442,4333725,32000,6766316,52672,9812703,106.16,2.17,961.0,20912744,20.722890310329433,32.354988900547916,46.92212078912265,120750842.72,1621410.9051724137,122372253.6251724,98.67501753286426,4509.599375650364,102.2,98.56,85.52,102.87666666666667,98.445,2.51,3.17,3.9,2.4499999999999997,2.888333333333333,4293557.0,4250039.0,4276711.0,4304459.666666667,4289167.0,20626550.0,20862210.0,19828650.0,20720580.0,20666632.166666668,3
2012-04-01,1154851,4387296,32000,7152491,52483,9809661,103.32,1.95,1004.5,21349448,20.54992709881773,33.501994993032135,45.94807790815013,119319205.32,1475039.1724137932,120794244.49241379,98.77888290239984,4367.641612742658,106.16,100.27,86.32,103.89333333333333,101.27833333333332,2.17,2.67,3.57,2.21,2.618333333333333,4333725.0,4286097.0,4254522.0,4338192.666666667,4311296.0,20912744.0,20622446.0,20208841.0,20962914.0,20856733.333333332,4
2012-05-01,1161690,4295221,32000,7551639,51447,9866303,94.66,2.43,1019.5,21713163,19.781645815489895,34.779083084302364,45.43927110020774,109965575.39999999,1799549.4879310345,111765124.88793102,98.38988281028142,4213.066208925944,103.32,102.2,97.16,101.38,100.86166666666668,1.95,2.51,3.24,2.183333333333333,2.483333333333333,4387296.0,4293557.0,4317062.0,4338747.333333333,4307655.833333333,21349448.0,20626550.0,20767002.0,21325118.333333332,21014426.833333332,5
2012-06-01,1170282,4320232,32000,7761235,50741,10032778,82.3,2.46,1072.8,22114245,19.535968783921856,35.09608851670043,45.367942699377714,96314208.6,1832374.2620689655,98146582.86206897,98.13302286372607,4027.061894108874,94.66,106.16,98.56,93.42666666666666,98.15166666666666,2.43,2.17,3.17,2.28,2.3649999999999998,4295221.0,4333725.0,4250039.0,4334249.666666667,4319354.666666667,21713163.0,20912744.0,20862210.0,21725618.666666668,21223099.333333332,6
2012-07-01,1195229,4466591,33000,7569614,50982,10000894,87.9,2.95,1077.75,22037099,20.268507211407456,34.34941232509778,45.38208046349476,105060629.10000001,2271800.5948275863,107332429.6948276,97.88339777522332,4144.366504291348,82.3,103.32,100.27,88.28666666666668,96.08999999999999,2.46,1.95,2.67,2.6133333333333333,2.4116666666666666,4320232.0,4387296.0,4286097.0,4360681.333333333,4349437.0,22114245.0,21349448.0,20622446.0,21954835.666666668,21458874.833333332,7
2012-08-01,1204626,4482095,34000,7939012,51089,9965122,94.13,2.84,1071.8,22386229,20.021661531292295,35.463820190528736,44.51451827817897,113391445.38,2194681.0,115586126.38,98.10125914871065,4181.838962493002,87.9,94.66,102.2,88.11,94.745,2.95,2.43,2.51,2.75,2.466666666666667,4466591.0,4295221.0,4293557.0,4422972.666666667,4380860.0,22037099.0,21713163.0,20626550.0,22179191.0,21752154.666666668,8
2012-09-01,1228303,4501054,33000,8248377,52281,9772117,94.51,2.85,1098.0,22521548,19.985544510528317,36.624378572911596,43.39007691656009,116086916.53,2211724.810344828,118298641.34034483,98.13038866272208,4099.32058287796,94.13,82.3,106.16,92.17999999999999,92.80333333333334,2.84,2.46,2.17,2.8800000000000003,2.58,4482095.0,4320232.0,4333725.0,4483246.666666667,4408748.166666667,22386229.0,22114245.0,20912744.0,22314958.666666668,22020288.666666668,9
2012-10-01,1249632,4556124,34000,8828226,53675,9436874,89.49,3.32,1197.25,22821224,19.96441558086455,38.684279160486746,41.3513052586487,111829567.67999999,2607988.2206896553,114437555.90068965,97.72103816779092,3805.4909166840675,94.51,87.9,103.32,92.71,90.49833333333333,2.85,2.95,1.95,3.0033333333333334,2.8083333333333336,4501054.0,4466591.0,4387296.0,4513091.0,4436886.166666667,22521548.0,22037099.0,21349448.0,22576333.666666668,22265584.666666668,10
2012-11-01,1273037,4617412,36000,9112148,54621,9181112,86.53,3.54,1236.2,22910672,20.153978896821535,39.77250427224483,40.073516830933634,110155891.61,2818213.531034483,112974105.14103448,97.50543407490036,3735.16583077172,89.49,94.13,94.66,90.17666666666668,89.14333333333333,3.32,2.84,2.43,3.236666666666667,2.9933333333333336,4556124.0,4482095.0,4295221.0,4558196.666666667,4490584.666666667,22821224.0,22386229.0,21713163.0,22751148.0,22465169.5,11
2012-12-01,1266061,4546009,36000,9391784,53317,8884429,87.86,3.34,1208.0,22822222,19.91922171294276,41.151926398752934,38.9288518883043,111236119.46,2617874.148275862,113853993.60827586,97.70067428878878,3763.2524834437086,86.53,94.51,82.3,87.96,90.07,3.54,2.85,2.46,3.4,3.14,4617412.0,4501054.0,4320232.0,4573181.666666667,4528214.166666667,22910672.0,22521548.0,22114245.0,22851372.666666668,22583165.666666668,12
2013-01-01,1267581,4454336,40000,9278787,56209,8646966,94.76,3.33,1044.0,22380089,19.90312013504504,41.46000938602165,38.636870478933304,120115975.56,2557403.255172414,122673378.81517242,97.91527446307192,4266.605363984674,87.86,89.49,87.9,89.71666666666665,91.21333333333332,3.34,3.32,2.95,3.4033333333333338,3.203333333333333,4546009.0,4556124.0,4466591.0,4539252.333333333,4526171.666666667,22822222.0,22821224.0,22037099.0,22704327.666666668,22640330.666666668,1
2013-02-01,1291088,4613162,42000,9522336,57172,8549794,95.31,3.33,900.0,22685292,20.335475514267127,41.97581410898303,37.68871037674983,123053597.28,2648591.2862068964,125702188.5662069,97.89296326784964,5125.735555555556,94.76,86.53,94.13,92.64333333333333,91.41000000000001,3.33,3.54,2.84,3.3333333333333335,3.285,4454336.0,4617412.0,4482095.0,4537835.666666667,4548016.166666667,22380089.0,22910672.0,22386229.0,22629201.0,22690174.5,2
2013-03-01,1291849,4558788,44000,9991124,56462,8278325,92.94,3.81,717.6,22828237,19.969952125518937,43.766516003842085,36.263531870638985,120064446.06,2994652.1172413793,123059098.17724138,97.56649271642785,6352.826086956522,95.31,87.86,94.51,94.33666666666666,91.14833333333333,3.33,3.34,2.85,3.49,3.445,4613162.0,4546009.0,4501054.0,4542095.333333333,4557638.5,22685292.0,22822222.0,22521548.0,22631206.0,22741289.333333332,3
2013-04-01,1329969,4824591,46000,10467545,56268,8155627,92.02,4.17,673.25,23447763,20.575911655197128,44.64197714724428,34.78211119755859,122383747.38,3468714.563793103,125852461.9437931,97.24382462590023,7166.121054585964,92.94,94.76,89.49,93.42333333333333,91.57000000000001,3.81,3.33,3.32,3.77,3.5866666666666664,4558788.0,4454336.0,4556124.0,4665513.666666667,4602383.0,22828237.0,22380089.0,22821224.0,22987097.333333332,22845712.5,4
2013-05-01,1344700,4772838,50000,11090385,54446,8017486,94.51,4.04,789.4,23880709,19.986165402375615,46.44076940931695,33.57306518830743,127087597.0,3324528.537931035,130412125.53793104,97.45075197247354,6046.15910818343,92.02,95.31,86.53,93.15666666666668,92.89999999999999,4.17,3.33,3.54,4.006666666666667,3.67,4824591.0,4613162.0,4617412.0,4718739.0,4628287.333333333,23447763.0,22685292.0,22910672.0,23385569.666666668,23007385.333333332,5
2013-06-01,1342281,4858737,54000,11578479,53555,7842463,95.77,3.83,908.25,24279679,20.011537220076097,47.68794101437667,32.30052176554723,128550251.36999999,3208441.8465517242,131758693.21655172,97.56491069528255,5349.559042113955,94.51,92.94,87.86,94.10000000000001,94.21833333333332,4.04,3.81,3.34,4.013333333333333,3.751666666666667,4772838.0,4558788.0,4546009.0,4818722.0,4680408.666666667,23880709.0,22828237.0,22822222.0,23869383.666666668,23250294.833333332,6
2013-07-01,1363842,4878557,67000,11281727,53175,7643142,104.67,3.62,983.25,23803426,20.49518838170606,47.39539173898749,32.10941987930645,142753342.14000002,3044892.472413793,145798234.61241382,97.91157109651685,4961.664886854818,95.77,92.02,94.76,98.31666666666666,95.87,3.83,4.17,3.33,3.83,3.7999999999999994,4858737.0,4824591.0,4454336.0,4836710.666666667,4751112.166666667,24279679.0,23447763.0,22380089.0,23987938.0,23487517.666666668,7
2013-08-01,1379923,4953247,67000,11716410,53345,7374017,106.57,3.43,1030.4,24043674,20.601040423356267,48.72969913000817,30.669260446635565,147058394.10999998,2929247.7948275865,149987641.90482756,98.04700723497854,4807.110830745341,104.67,94.51,95.31,102.33666666666666,97.74666666666667,3.62,4.04,3.33,3.626666666666667,3.816666666666667,4878557.0,4772838.0,4613162.0,4896847.0,4807793.0,23803426.0,23880709.0,22685292.0,24042259.666666668,23713914.666666668,8
2013-09-01,1409301,5020165,64000,12121517,52193,6996605,106.29,3.62,1089.0,24138287,20.797519724576976,50.2169727288436,28.985507546579427,149794603.29000002,3133275.396551724,152927878.68655175,97.9511417908478,4609.8852157943065,106.57,95.77,92.94,105.84333333333332,99.97166666666665,3.43,3.83,3.81,3.5566666666666666,3.785,4953247.0,4858737.0,4558788.0,4950656.333333333,4884689.166666667,24043674.0,24279679.0,22828237.0,23995129.0,23932256.333333332,9
2013-10-01,1432233,5059304,65000,12706948,54740,6898703,100.54,3.68,1194.0,24664955,20.51211526637693,51.51822900143138,27.969655732191683,143996705.82000002,3210041.15862069,147206746.9786207,97.8193654676121,4237.273031825795,106.29,104.67,92.02,104.46666666666665,101.39166666666667,3.62,3.62,4.17,3.5766666666666667,3.703333333333333,5020165.0,4878557.0,4824591.0,5010905.333333333,4923808.0,24138287.0,23803426.0,23447763.0,24282305.333333332,24135121.666666668,10
2013-11-01,1407258,4900231,68000,13439579,54337,6834845,93.86,3.64,1241.2,25174655,19.464938049796512,53.38535523128321,27.14970671892028,132085235.88,3075317.3862068965,135160553.2662069,97.72469310616843,3947.9785691266516,100.54,106.57,94.51,100.23,101.28333333333335,3.68,3.43,4.04,3.646666666666667,3.6366666666666667,5059304.0,4953247.0,4772838.0,4993233.333333333,4945040.166666667,24664955.0,24043674.0,23880709.0,24659299.0,24350779.333333332,11
2013-12-01,1444391,4893130,68000,13796789,54602,6739891,97.63,4.24,1082.5,25429810,19.241708844855705,54.254392777610214,26.503898377534085,141015893.32999998,3577046.75862069,144592940.08862066,97.52612627115244,4520.21247113164,93.86,106.29,95.77,97.34333333333332,101.59333333333335,3.64,3.62,3.83,3.8533333333333335,3.705,4900231.0,5020165.0,4858737.0,4950888.333333333,4950772.333333333,25174655.0,24138287.0,24279679.0,25089806.666666668,24542467.833333332,12
2014-01-01,1482810,5076559,73000,13664008,54119,6633412,94.62,4.71,832.6,25373979,20.00694885102569,53.85047414124525,26.142577007729063,140303482.20000002,4122516.015517242,144425998.21551725,97.14558592881215,6097.236368003843,97.63,100.54,104.67,95.37,99.91833333333334,4.24,3.68,3.62,4.196666666666666,3.8866666666666667,4893130.0,5059304.0,4878557.0,4956640.0,4983772.666666667,25429810.0,24664955.0,23803426.0,25326148.0,24804226.666666668,1
2014-02-01,1512477,5134303,75000,14038886,55395,6608612,100.82,6.0,514.0,25781801,19.91444662845703,54.45269707884255,25.632856292700424,152487931.14,5311347.931034483,157799279.07103446,96.63411140893518,9988.91634241245,94.62,93.86,106.57,97.69,98.96,4.71,3.64,3.43,4.983333333333333,4.315,5076559.0,4900231.0,4953247.0,5034664.0,5013948.666666667,25373979.0,25174655.0,24043674.0,25528530.0,25093914.5,2
2014-03-01,1547344,5366811,75000,14440272,56167,6584828,100.8,4.9,359.0,26391911,20.335060238722388,54.714764686801196,24.95017507447642,155972275.2,4534029.982758621,160506305.1827586,97.17517017316175,14949.33426183844,100.82,97.63,106.29,98.74666666666667,98.045,6.0,4.24,3.62,5.203333333333333,4.528333333333333,5134303.0,4893130.0,5020165.0,5192557.666666667,5071723.0,25781801.0,25429810.0,24138287.0,25849230.333333332,25469518.5,3
2014-04-01,1570126,5464079,78000,14995510,55863,6644502,102.07,4.66,368.25,27104091,20.1596098537302,55.32563331491176,24.514756831358042,160262760.82,4390104.8517241385,164652865.67172414,97.33372095662344,14837.960624575695,100.8,94.62,100.54,101.23,98.3,4.9,4.71,3.68,5.1866666666666665,4.691666666666667,5366811.0,5076559.0,5059304.0,5321731.0,5139185.5,26391911.0,25373979.0,24664955.0,26425934.333333332,25876041.166666668,4
2014-05-01,1585257,5543510,80000,15586509,55472,6742728,102.18,4.58,492.4,27872747,19.88863889160261,55.92024711450221,24.191113993895183,161981560.26000002,4377461.344827587,166359021.6048276,97.368666091806,11258.143785540211,102.07,100.82,93.86,101.68333333333334,99.68666666666667,4.66,6.0,3.64,4.713333333333334,4.848333333333334,5464079.0,5134303.0,4900231.0,5458133.333333333,5246398.666666667,27104091.0,25781801.0,25174655.0,27122916.333333332,26325723.166666668,5
2014-06-01,1590457,5660901,80000,16163101,56692,6710054,105.79,4.59,617.75,28534056,19.839103841388688,56.644947356940776,23.515948801670536,168254446.03,4479919.929310344,172734365.95931035,97.40646865235512,9163.740995548362,102.18,100.8,97.63,103.34666666666665,101.04666666666667,4.58,4.9,4.24,4.61,4.906666666666667,5543510.0,5366811.0,4893130.0,5556163.333333333,5374360.5,27872747.0,26391911.0,25429810.0,27836964.666666668,26843097.5,6
2014-07-01,1640090,5775384,89000,15370498,55904,6596875,103.59,4.05,711.25,27742757,20.81762818309658,55.403642831893016,23.778728985010396,169896923.1,4032811.2413793104,173929734.3413793,97.68135606217626,8120.047803163445,105.79,102.07,94.62,103.85333333333334,102.54166666666667,4.59,4.66,4.71,4.406666666666667,4.796666666666667,5660901.0,5464079.0,5076559.0,5659931.666666667,5490831.333333333,28534056.0,27104091.0,25373979.0,28049853.333333332,27237893.833333332,7
2014-08-01,1679210,5934100,92000,15907260,56436,6632708,96.54,3.91,778.8,28474068,20.840366048153008,55.86577934701849,23.293854604828507,162110933.4,4000401.896551724,166111335.29655173,97.59173454995712,7619.5428864920395,103.59,102.18,100.82,101.97333333333334,101.82833333333333,4.05,4.58,6.0,4.183333333333334,4.448333333333333,5775384.0,5543510.0,5134303.0,5790128.333333333,5624130.833333333,27742757.0,27872747.0,25781801.0,28250293.666666668,27686605.0,8
2014-09-01,1666983,5749213,97000,16594125,56958,6555426,93.21,3.92,861.0,28898764,19.894321431878538,57.421573462449814,22.684105105671648,155379485.42999998,3885674.9931034483,159265160.42310342,97.56024796460144,6677.367015098723,96.54,105.79,100.8,97.78000000000002,100.56333333333333,3.91,4.59,4.9,3.9599999999999995,4.285,5934100.0,5660901.0,5366811.0,5819565.666666667,5687864.5,28474068.0,28534056.0,26391911.0,28371863.0,28104413.833333332,9
2014-10-01,1740954,5946831,103000,17319409,57447,6507775,84.4,3.78,1015.0,29774015,19.973224974864827,58.16954481953476,21.85723020560042,146936517.60000002,3875693.3068965515,150812210.90689656,97.4301196941611,5858.946798029557,93.21,103.59,102.07,91.38333333333333,97.61833333333334,3.92,4.05,4.66,3.8699999999999997,4.138333333333334,5749213.0,5775384.0,5464079.0,5876714.666666667,5768323.166666667,28898764.0,27742757.0,27104091.0,29048949.0,28549401.166666668,10
2014-11-01,1795478,5975312,107000,18103367,57577,6355121,75.79,4.12,1094.75,30433800,19.633801891318207,59.48441206816106,20.881786040520737,136079277.62,4244531.972413793,140323809.59241378,96.97518761445937,5458.152089518155,84.4,96.54,102.18,84.46666666666665,93.22000000000001,3.78,3.91,4.58,3.94,4.0616666666666665,5946831.0,5934100.0,5543510.0,5890452.0,5840290.166666667,29774015.0,28474068.0,27872747.0,29702193.0,28976243.333333332,11
2014-12-01,1804452,6038530,108000,18876196,57671,6354180,59.29,3.48,1074.5,31268906,19.311612628852444,60.36730546313325,20.321081908014307,106985959.08,3623118.0,110609077.08,96.72439360706399,5619.851093531875,75.79,93.21,105.79,73.16000000000001,85.47000000000001,4.12,3.92,4.59,3.7933333333333334,3.8766666666666665,5975312.0,5749213.0,5660901.0,5986891.0,5903228.333333333,30433800.0,28898764.0,28534056.0,30492240.333333332,29432051.666666668,12
2015-01-01,1701349,5517838,110000,18841634,56812,6323080,47.22,2.99,915.6,30682552,17.983634477340736,61.40830136945584,20.608064153203422,80337699.78,2844540.624137931,83182240.40413794,96.58035103368479,6026.472258628221,59.29,84.4,103.59,60.76666666666667,76.075,3.48,3.78,4.05,3.5300000000000007,3.7000000000000006,6038530.0,5946831.0,5775384.0,5843893.333333333,5860304.0,31268906.0,29774015.0,27742757.0,30795086.0,29922017.5,1
2015-02-01,1815179,6021655,115000,18973061,56113,6398277,50.58,2.87,716.0,31392993,19.18152563535436,60.4372478915916,20.381226473054035,91811753.82,2979681.0086206896,94791434.82862069,96.85659256660917,8410.132681564246,47.22,75.79,96.54,52.36333333333334,68.415,2.99,4.12,3.91,3.1133333333333333,3.526666666666667,5517838.0,5975312.0,5934100.0,5859341.0,5874896.5,30682552.0,30433800.0,28474068.0,31114817.0,30408505.0,2
2015-03-01,1891545,6223901,115000,19264241,55537,6419409,47.82,2.83,540.0,31907551,19.506044196246837,60.375178903576774,20.11877690017639,90453681.9,3036834.453448276,93490516.35344829,96.75171924180277,11525.742592592593,50.58,59.29,93.21,48.54,60.849999999999994,2.87,3.48,3.92,2.8966666666666665,3.345,6021655.0,6038530.0,5749213.0,5921131.333333333,5954011.166666667,31392993.0,31268906.0,28898764.0,31327698.666666668,30909969.5,3
2015-04-01,1917905,6453592,131000,19253110,54488,6432928,54.45,2.61,656.75,32139630,20.07985779550045,59.9045788641624,20.01556334033715,104429927.25,2904116.4000000004,107334043.65,97.29431939649093,9826.558051008755,47.82,47.22,84.4,50.95000000000001,55.85833333333333,2.83,2.99,3.78,2.7699999999999996,3.15,6223901.0,5517838.0,5946831.0,6233049.333333333,6038471.333333333,31907551.0,30682552.0,29774015.0,31813391.333333332,31304238.666666668,4
2015-05-01,1910883,6555324,131000,19058785,52334,6327320,59.27,2.85,833.6,31941429,20.522951556112282,59.66791592198333,19.80913252190439,113258035.41000001,3221150.586206897,116479185.99620691,97.23456980003982,7863.87236084453,54.45,50.58,75.79,53.846666666666664,53.105,2.61,2.87,4.12,2.7633333333333336,2.938333333333333,6453592.0,6021655.0,5975312.0,6410939.0,6135140.0,32139630.0,31392993.0,30433800.0,31996203.333333332,31555510.166666668,5
2015-06-01,1900678,6736026,131000,18998033,52518,6205831,59.82,2.78,971.75,31939890,21.089696927572387,59.48058368391376,19.42971938851386,113698557.96,3228646.9448275864,116927204.90482758,97.2387547043004,6931.850784666838,59.27,47.82,59.29,57.84666666666667,53.193333333333335,2.85,2.83,3.48,2.7466666666666666,2.8216666666666668,6555324.0,6223901.0,6038530.0,6581647.333333333,6251389.333333333,31941429.0,31907551.0,31268906.0,32006983.0,31667340.833333332,6
2015-07-01,1875182,6625765,130000,19310747,51304,6207582,50.9,2.84,1045.2,32144094,20.61269793449459,60.07556784770478,19.311734217800634,95446763.8,3244340.103448276,98691103.90344827,96.71263166067908,6339.231725985457,59.82,54.45,47.22,56.663333333333334,53.806666666666665,2.78,2.61,2.99,2.823333333333333,2.796666666666667,6736026.0,6453592.0,5517838.0,6639038.333333333,6436043.833333333,31939890.0,32139630.0,30682552.0,32008471.0,31910931.166666668,7
2015-08-01,1915387,6810384,127000,19811976,50253,6148831,42.87,2.77,1070.25,32771191,20.781618831003122,60.45546528961978,18.762915879377104,82112640.69,3252545.462068965,85365186.15206896,96.18984552288693,6363.358093903294,50.9,59.27,50.58,51.19666666666666,52.52166666666667,2.84,2.85,2.87,2.796666666666667,2.78,6625765.0,6555324.0,6021655.0,6724058.333333333,6567498.666666667,32144094.0,31941429.0,31392993.0,32285058.333333332,32140630.833333332,8
2015-09-01,1937719,6860344,125000,20004645,50608,6090650,45.48,2.66,1145.75,32955639,20.81690480952289,60.70173605190905,18.48135913856806,88127460.11999999,3146295.6965517243,91273755.81655172,96.55290212569386,5987.644774165394,42.87,59.82,47.82,46.416666666666664,52.13166666666667,2.77,2.78,2.83,2.7566666666666664,2.751666666666667,6810384.0,6736026.0,6223901.0,6765497.666666667,6673572.5,32771191.0,31939890.0,31907551.0,32623641.333333332,32315312.166666668,9
2015-10-01,1927285,6750814,128000,19896584,49531,6013035,46.22,2.34,1280.6,32660433,20.669701470277506,60.91953526764327,18.41076326207923,89079112.7,2723604.268965517,91802716.96896552,97.033198625389,5271.602373887241,45.48,50.9,54.45,44.85666666666666,50.76,2.66,2.84,2.61,2.59,2.706666666666667,6860344.0,6625765.0,6453592.0,6807180.666666667,6723109.5,32955639.0,32144094.0,32139630.0,32795754.333333332,32402112.666666668,10
2015-11-01,1966419,6839820,125000,20400033,50093,6086151,42.44,2.09,1345.25,33326004,20.523972811141714,61.21355863727317,18.262468551585123,83454822.36,2464693.7586206896,85919516.1186207,97.13139241238518,5084.422969708233,46.22,42.87,59.27,44.71333333333333,47.95499999999999,2.34,2.77,2.85,2.3633333333333333,2.5799999999999996,6750814.0,6810384.0,6555324.0,6816992.666666667,6770525.5,32660433.0,32771191.0,31941429.0,32980692.0,32632875.166666668,11
2015-12-01,1852873,6327163,130000,21044442,50389,5968873,37.19,1.93,1322.75,33340478,18.977421379501518,63.11979690273187,17.902781717766615,68908346.86999999,2105418.0327586206,71013764.90275861,97.03519728091922,4783.340011340011,42.44,45.48,59.82,41.949999999999996,44.18333333333333,2.09,2.66,2.78,2.12,2.438333333333333,6839820.0,6860344.0,6736026.0,6639265.666666667,6702381.666666667,33326004.0,32955639.0,31939890.0,33108971.666666668,32866306.5,12
2016-01-01,1932943,6377512,109000,21837746,50127,6062961,31.68,2.28,1202.0,34278219,18.605143983705805,63.70735305705352,17.68750295924068,61235634.24,2507021.95862069,63742656.19862069,96.06696346194161,5305.750415973378,37.19,46.22,50.9,37.10333333333333,40.98,1.93,2.34,2.84,2.0999999999999996,2.345,6327163.0,6750814.0,6625765.0,6514831.666666667,6661006.166666667,33340478.0,32660433.0,32144094.0,33648233.666666664,33221994.0,1
2016-02-01,1972166,6659487,108000,22412627,48891,6023770,30.32,1.99,1045.5,35095884,18.97512255283269,63.86112684894901,17.163750598218297,59796073.12,2284892.953448276,62080966.07344827,96.31949517224811,6369.6671449067435,31.68,42.44,42.87,33.06333333333333,38.88833333333333,2.28,2.09,2.77,2.0666666666666664,2.215,6377512.0,6839820.0,6810384.0,6454720.666666667,6635856.666666667,34278219.0,33326004.0,32771191.0,34238193.666666664,33609442.833333336,2
2016-03-01,1986606,6784589,107000,22016841,46329,5738364,37.55,1.73,1048.25,34539794,19.642818367706536,63.7434056497268,16.613775982566658,74597055.3,2023679.132758621,76620734.43275861,97.35883615872336,6472.3005008347245,30.32,37.19,45.48,33.18333333333333,37.56666666666666,1.99,1.93,2.66,1.9999999999999998,2.06,6659487.0,6327163.0,6860344.0,6607196.0,6623230.833333333,35095884.0,33340478.0,32955639.0,34637965.666666664,33873468.666666664,3
2016-04-01,1991898,6866381,102000,21847461,46080,5993555,40.75,1.92,1121.0,34707397,19.783624222813366,62.94756417486451,17.26881160232212,81169843.5,2273008.8827586207,83442852.38275862,97.27596933967195,6125.228367528992,37.55,31.68,46.22,36.20666666666667,36.654999999999994,1.73,2.28,2.34,1.88,1.99,6784589.0,6377512.0,6750814.0,6770152.333333333,6642492.0,34539794.0,34278219.0,32660433.0,34781025.0,34214629.333333336,4
2016-05-01,1991369,6919453,102000,21868815,44841,5972179,46.71,1.92,1207.25,34760447,19.906110528440557,62.91292801844579,17.18096145311365,93016845.99,2290577.544827586,95307423.53482758,97.59664309465825,5731.5825222613375,40.75,30.32,42.44,41.669999999999995,37.36666666666667,1.92,1.99,2.09,1.8566666666666665,1.9616666666666667,6866381.0,6659487.0,6839820.0,6856807.666666667,6655764.166666667,34707397.0,35095884.0,33326004.0,34669212.666666664,34453703.166666664,5
2016-06-01,2001833,7067000,100000,21923086,43688,5918555,48.76,2.59,1251.5,34908641,20.244271325257262,62.8013161555043,16.95441251923843,97609377.08,3155781.034482759,100765158.11448276,96.86818232260663,5646.823811426289,46.71,37.55,37.19,45.406666666666666,39.294999999999995,1.92,1.73,1.93,2.143333333333333,2.0716666666666668,6919453.0,6784589.0,6327163.0,6950944.666666667,6779070.333333333,34760447.0,34539794.0,33340478.0,34792161.666666664,34715063.666666664,6
2016-07-01,2035067,7209047,93000,22081966,43062,5992122,44.65,2.82,1237.8,35283135,20.43199109149456,62.58504523478427,16.982963673721173,90865741.55,3505088.368965517,94370829.91896552,96.28583496407175,5824.080626918727,48.76,40.75,31.68,46.70666666666667,41.45666666666666,2.59,1.92,2.28,2.4433333333333334,2.1616666666666666,7067000.0,6866381.0,6377512.0,7065166.666666667,6917659.5,34908641.0,34707397.0,34278219.0,34984074.333333336,34882549.666666664,7
2016-08-01,2054942,7304144,93000,22391821,43379,5882781,44.72,2.82,1181.0,35578746,20.52951500876394,62.93594777061564,16.534537220620425,91897006.24,3551325.1862068963,95448331.42620689,96.2793218769335,6184.711261642676,44.65,46.71,30.32,46.04333333333333,43.85666666666666,2.82,1.92,1.99,2.7433333333333336,2.3000000000000003,7209047.0,6919453.0,6659487.0,7193397.0,7025102.333333333,35283135.0,34760447.0,35095884.0,35256840.666666664,34963026.666666664,8
2016-09-01,2044607,7284473,91000,22035439,43646,5870177,45.18,2.99,1167.6,35190089,20.700354011608212,62.61830994516666,16.681336043225127,92375344.26,3755271.4258620692,96130615.68586208,96.09357393680527,6238.842925659473,44.72,48.76,37.55,44.85,45.12833333333333,2.82,2.59,1.73,2.8766666666666665,2.51,7304144.0,7067000.0,6784589.0,7265888.0,7108416.333333333,35578746.0,34908641.0,34539794.0,35350656.666666664,35071409.166666664,9
2016-10-01,2095148,7327972,85000,21385045,44442,5838857,49.78,2.98,1265.75,34551874,21.208609408566378,61.892576362138854,16.89881422929477,104296467.44,3765061.475862069,108061528.91586207,96.51581694832988,5789.430772269406,45.18,44.65,40.75,46.56,46.63333333333333,2.99,2.82,1.92,2.9299999999999997,2.686666666666667,7284473.0,7209047.0,6866381.0,7305529.666666667,7185348.166666667,35190089.0,35283135.0,34707397.0,35106903.0,35045488.666666664,10
2016-11-01,2116727,7322070,87000,22521322,44540,5796447,45.66,2.55,1360.75,35639839,20.544621427723058,63.19142463017299,16.26395394210395,96649754.82,3219185.948275862,99868940.76827586,96.7765894746543,5380.907587727356,49.78,44.72,46.71,46.873333333333335,46.458333333333336,2.98,2.82,1.92,2.84,2.7916666666666665,7327972.0,7304144.0,6919453.0,7311505.0,7252451.0,34551874.0,35578746.0,34760447.0,35127267.333333336,35192054.0,11
2016-12-01,2121079,7150989,86000,23051432,44220,5761895,51.97,3.59,1250.6,35964316,19.88356736716472,64.09528822958846,16.02114440324682,110232475.63,4426215.605172413,114658691.2351724,96.1396597523567,5718.046537661923,45.66,45.18,48.76,49.13666666666666,46.99333333333333,2.55,2.99,2.59,3.0399999999999996,2.9583333333333335,7322070.0,7284473.0,7067000.0,7267010.333333333,7266449.166666667,35639839.0,35190089.0,34908641.0,35385343.0,35367999.833333336,12
2017-01-01,2149541,7259851,92000,23235761,44475,5801943,52.5,3.3,1063.25,36297555,20.000936702210385,64.0146726136237,15.984390684165916,112850902.5,4130604.8793103443,116981507.37931034,96.46901038305403,6827.981189748413,51.97,49.78,44.65,50.04333333333333,48.30166666666667,3.59,2.98,2.82,3.1466666666666665,3.0383333333333336,7150989.0,7327972.0,7209047.0,7244303.333333333,7274916.5,35964316.0,34551874.0,35283135.0,35967236.666666664,35537069.833333336,1
2017-02-01,2254689,7654090,92000,23297009,45370,5885691,53.47,2.85,975.75,36836790,20.778384870125763,63.24386299674863,15.977752133125605,120558220.83,3761061.4655172415,124319282.29551724,96.97467569304584,7844.31462977197,52.5,45.66,44.72,52.64666666666667,49.76,3.3,2.55,2.82,3.2466666666666666,3.043333333333333,7259851.0,7322070.0,7304144.0,7354976.666666667,7333240.833333333,36297555.0,35639839.0,35578746.0,36366220.333333336,35746743.833333336,2
2017-03-01,2274596,7767610,91000,23407358,44173,6003045,49.33,2.88,952.2,37178013,20.893020829273475,62.960217911592,16.146761259134532,112205820.67999999,3857020.1379310344,116062840.81793103,96.67678293004943,8157.540432682209,53.47,51.97,45.18,51.76666666666667,50.45166666666666,2.85,3.59,2.99,3.0100000000000002,3.025,7654090.0,7150989.0,7284473.0,7560517.0,7413763.666666667,36836790.0,35964316.0,35190089.0,36770786.0,36078064.5,3
2017-04-01,2301838,7886988,92000,23452210,43650,5990385,51.06,3.1,993.0,37329583,21.127983133377086,62.824730723619396,16.047286143003525,117531848.28,4215459.1034482755,121747307.38344827,96.537534016936,7942.586102719033,49.33,52.5,49.78,51.28666666666667,50.665,2.88,3.3,2.98,2.9433333333333334,3.045,7767610.0,7259851.0,7327972.0,7769562.666666667,7506933.0,37178013.0,36297555.0,34551874.0,37114795.333333336,36541016.0,4
2017-05-01,2394506,8245389,93000,23605011,42049,6118346,48.48,3.15,1065.75,37968746,21.71625315200033,62.16958284584906,16.11416400215061,116085650.88,4478099.198275862,120563750.07827586,96.28570014173542,7736.700914848698,51.06,53.47,45.66,49.623333333333335,51.135,3.1,2.85,2.55,3.043333333333333,3.1449999999999996,7886988.0,7654090.0,7322070.0,7966662.333333333,7660819.5,37329583.0,36836790.0,35639839.0,37492114.0,36929167.166666664,5
2017-06-01,2416666,8249857,93000,23966645,42354,6405579,45.18,2.98,1134.0,38622081,21.360467345092047,62.05425595788068,16.58527669702728,109184969.88,4238719.631034482,113423689.51103447,96.26293268248683,7275.006172839506,48.48,49.33,51.97,48.24,50.00333333333333,3.15,2.88,3.59,3.0766666666666667,3.043333333333333,8245389.0,7767610.0,7150989.0,8127411.333333333,7843964.166666667,37968746.0,37178013.0,35964316.0,37973470.0,37372128.0,6
2017-07-01,2449439,8492882,99000,24321145,41925,6535273,46.63,2.98,1125.0,39349300,21.58331152015411,61.808329500143586,16.608358979702306,114217340.57000001,4363584.2,118580924.77000001,96.32016345928857,7549.228444444444,45.18,51.06,52.5,46.76333333333333,49.025,2.98,3.1,3.3,3.0366666666666666,2.99,8249857.0,7886988.0,7259851.0,8329376.0,8049469.333333333,38622081.0,37329583.0,36297555.0,38646709.0,37880752.166666664,7
2017-08-01,2496166,8565593,99000,24436170,41617,6716303,48.04,2.9,1078.5,39718066,21.565987125354997,61.52406816585682,16.90994470878819,119915814.64,4282796.5,124198611.14,96.55165507835484,7942.135373203523,46.63,48.48,53.47,46.616666666666674,48.12,2.98,3.15,2.85,2.953333333333333,2.998333333333333,8492882.0,8245389.0,7654090.0,8436110.666666666,8201386.5,39349300.0,37968746.0,36836790.0,39229815.666666664,38360964.833333336,8
2017-09-01,2600673,8749884,98000,24861317,42526,7085794,49.82,2.98,1108.0,40696995,21.500073899805134,61.08882732005152,17.411098780143348,129565528.86,4495630.055172414,134061158.91517241,96.64658273018732,7897.007220216607,48.04,45.18,49.33,48.163333333333334,48.201666666666675,2.9,2.98,2.88,2.953333333333333,3.015,8565593.0,8249857.0,7767610.0,8602786.333333334,8365098.833333333,39718066.0,38622081.0,37178013.0,39921453.666666664,38947461.833333336,9
2017-10-01,2739795,9137926,103000,24560177,42212,7295773,51.58,2.88,1167.5,40993876,22.290953897601682,59.91181951177293,17.79722659062539,141318626.1,4537452.910344828,145856079.01034483,96.88908892853001,7826.917344753747,49.82,46.63,51.06,49.81333333333333,48.288333333333334,2.98,2.98,3.1,2.92,2.9783333333333335,8749884.0,8492882.0,7886988.0,8817801.0,8573588.5,40696995.0,39349300.0,37329583.0,40469645.666666664,39558177.333333336,10
2017-11-01,2832660,9323017,105000,26354535,42345,7687957,56.64,3.01,1212.75,43365509,21.498691506192166,60.77303278049844,17.728275713309397,160441862.4,4838324.339655172,165280186.73965517,97.07265315032808,7687.501133786848,51.58,48.04,48.48,52.68,49.64833333333333,2.88,2.9,3.15,2.9566666666666666,2.955,9137926.0,8565593.0,8245389.0,9070275.666666666,8753193.166666666,40993876.0,39718066.0,37968746.0,41685460.0,40457637.833333336,11
2017-12-01,2887347,9231199,102000,27113774,42671,7826200,57.88,2.82,1160.8,44171173,20.898695626670364,61.38341401981786,17.71789035351178,167119644.36,4488272.61724138,171607916.9772414,97.3845771825104,7952.44572708477,56.64,49.82,45.18,55.366666666666674,51.76500000000001,3.01,2.98,2.98,2.903333333333333,2.9283333333333332,9323017.0,8749884.0,8249857.0,9230714.0,8916750.166666666,43365509.0,40696995.0,38622081.0,42843519.333333336,41382486.5,12
2018-01-01,2884004,9050555,99000,26725285,41863,7690653,63.7,3.87,801.75,43466493,20.821912179572436,61.48479703665074,17.693290783776828,183711054.8,6038904.801724138,189749959.60172415,96.81744079714193,11288.500155908949,57.88,51.58,46.63,59.406666666666666,54.61000000000001,2.82,2.88,2.98,3.233333333333333,3.076666666666666,9231199.0,9137926.0,8492882.0,9201590.333333334,9009695.666666666,44171173.0,40993876.0,39349300.0,43667725.0,42068685.333333336,1
2018-02-01,3054122,9757768,99000,27246602,42851,8028416,62.23,2.67,644.75,45032786,21.668141962169518,60.50392263094715,17.827935406883334,190058012.06,4491938.027586207,194549950.08758622,97.69111324594843,15134.188445133772,63.7,56.64,48.04,61.27,56.975,3.87,3.01,2.9,3.1199999999999997,3.0383333333333336,9050555.0,9323017.0,8565593.0,9346507.333333334,9208391.5,43466493.0,43365509.0,39718066.0,44223484.0,42954472.0,2
2018-03-01,3213639,10211959,100000,27279533,42008,8363485,62.73,2.69,605.8,45854977,22.27012130002813,59.49088797929176,18.23899072068011,201591574.47,4736236.156896552,206327810.62689656,97.70450908071665,16856.98085176626,62.23,57.88,49.82,62.88666666666666,59.126666666666665,2.67,2.82,2.98,3.0766666666666667,2.9899999999999998,9757768.0,9231199.0,8749884.0,9673427.333333334,9452070.666666666,45032786.0,44171173.0,40696995.0,44784752.0,43814135.666666664,3
2018-04-01,3272595,10489411,106000,27027143,41725,8546807,66.25,2.8,613.25,46063361,22.771701352838754,58.67384058232312,18.554458064838126,216809418.75,5063853.586206896,221873272.33620688,97.71768202051233,17104.624541377903,62.73,63.7,51.58,63.73666666666666,61.571666666666665,2.69,3.87,2.88,2.72,2.9766666666666666,10211959.0,9050555.0,9137926.0,10153046.0,9677318.166666666,45854977.0,43466493.0,40993876.0,45650374.666666664,44659049.833333336,4
2018-05-01,3290946,10719475,105000,27288318,42079,8952883,69.98,2.8,706.5,46960676,22.82649210586321,58.108869642336494,19.064638251800293,230300401.08,5174918.9655172415,235475320.04551727,97.80235187088101,15172.646850672329,66.25,62.23,56.64,66.32000000000001,63.794999999999995,2.8,2.67,3.01,2.763333333333333,2.9416666666666664,10489411.0,9757768.0,9323017.0,10473615.0,9910061.166666666,46063361.0,45032786.0,43365509.0,46293004.666666664,45258244.333333336,5
2018-06-01,3401605,11016026,106000,27759535,40929,9173787,67.87,2.97,815.2,47949348,22.974297794414223,57.8934566534669,19.132245552118874,230866931.35000002,5640965.037931034,236507896.38793105,97.6148935726533,13513.280176643768,69.98,62.73,57.88,68.03333333333335,65.46,2.8,2.69,2.82,2.856666666666667,2.966666666666667,10719475.0,10211959.0,9231199.0,10741637.333333334,10207532.333333334,46960676.0,45854977.0,44171173.0,46991128.333333336,45887940.166666664,6
2018-07-01,3481474,11420792,119000,28282349,40417,9324169,70.98,2.83,827.0,49027310,23.294755514834485,57.68692795913135,19.018316526034162,247115024.52,5572558.855172413,252687583.37517244,97.79468433678488,13809.90568319226,67.87,66.25,63.7,69.61000000000001,66.67333333333333,2.97,2.8,3.87,2.8666666666666667,2.793333333333333,11016026.0,10489411.0,9050555.0,11052097.666666666,10602571.833333334,47949348.0,46063361.0,43466493.0,47979111.333333336,46814743.0,7
2018-08-01,3665024,11928708,125000,29146442,40955,9507485,68.06,2.96,801.4,50582635,23.582614863776868,57.621438661706726,18.795946474516402,249441533.44,6087754.427586207,255529287.8675862,97.61759034418753,14884.836536061892,70.98,69.98,62.23,68.97000000000001,67.645,2.83,2.8,2.67,2.92,2.841666666666667,11420792.0,10719475.0,9757768.0,11455175.333333334,10964395.166666666,49027310.0,46960676.0,45032786.0,49186431.0,47739717.833333336,8
2018-09-01,3752873,12126346,128000,30116684,40348,9676663,70.23,3.0,815.25,51919693,23.35596629972369,58.00628289539386,18.637750804882455,263564270.79000002,6272247.931034483,269836518.7210345,97.67553778088912,14874.389451088624,68.06,67.87,62.73,69.75666666666667,68.895,2.96,2.97,2.69,2.9299999999999997,2.893333333333333,11928708.0,11016026.0,10211959.0,11825282.0,11283459.666666666,50582635.0,47949348.0,45854977.0,50509879.333333336,48750503.833333336,9
2018-10-01,3864540,12211233,134000,30510233,40976,10060176,70.75,3.28,886.5,52781642,23.13537915322907,57.80463025382954,19.059990592941386,273416205.0,6905662.8,280321867.8,97.53652369178457,13774.656514382403,70.23,70.98,66.25,69.68,69.645,3.0,2.83,2.8,3.0799999999999996,2.973333333333333,12126346.0,11420792.0,10489411.0,12088762.333333334,11570430.0,51919693.0,49027310.0,46063361.0,51761323.333333336,49870217.333333336,10
2018-11-01,3943310,12480586,127000,31262728,41953,10067887,56.96,4.09,932.0,53811201,23.19328646836929,58.09706421531086,18.709649316319847,224610937.6,8800964.955172414,233411902.5551724,96.22942752326347,13391.18669527897,70.75,68.06,69.98,65.98,67.47500000000001,3.28,2.96,2.8,3.456666666666667,3.188333333333333,12211233.0,11928708.0,10719475.0,12272721.666666666,11863948.5,52781642.0,50582635.0,46960676.0,52837512.0,51011971.5,11
2018-12-01,4001725,12977745,126000,31546460,41840,10093241,49.52,4.04,873.5,54617446,23.761171476234903,57.7589439096072,18.4798846141579,198165422.0,9039670.655172413,207205092.6551724,95.63733181490086,14857.178019461935,56.96,70.23,67.87,59.076666666666675,64.41666666666667,4.09,3.0,2.97,3.8033333333333332,3.366666666666667,12480586.0,12126346.0,11016026.0,12556521.333333334,12190901.666666666,53811201.0,51919693.0,47949348.0,53736763.0,52123321.166666664,12
2019-01-01,3978061,13057167,124000,30874728,43057,10388658,51.38,3.11,829.75,54320553,24.037249768057407,56.83802224914758,19.12472798279502,204392774.18,7001342.994827586,211394117.1748276,96.68801427002941,15736.266345284725,49.52,70.75,70.98,52.620000000000005,61.15,4.04,3.28,2.83,3.746666666666666,3.4133333333333336,12977745.0,12211233.0,11420792.0,12838499.333333334,12463630.833333334,54617446.0,52781642.0,49027310.0,54249733.333333336,53005528.333333336,1
2019-02-01,4063956,13513815,118000,31132770,42981,10775628,54.95,2.69,658.5,55422213,24.383391186490513,56.17381247479237,19.442796338717113,223314382.20000002,6267614.198275862,229581996.39827588,97.2699888072221,20522.118451025057,51.38,56.96,68.06,51.949999999999996,58.965,3.11,4.09,2.96,3.28,3.3683333333333327,13057167.0,12480586.0,11928708.0,13182909.0,12727815.333333334,54320553.0,53811201.0,50582635.0,54786737.333333336,53812124.666666664,2
2019-03-01,4106158,13675244,114000,31272894,42044,10827718,58.15,2.95,494.0,55775856,24.518214476170478,56.06887324149719,19.412912282332343,238773087.7,6955512.034482759,245728599.73448274,97.16943325197052,27682.68016194332,54.95,49.52,70.23,54.826666666666675,56.951666666666675,2.69,4.04,3.0,2.9166666666666665,3.3599999999999994,13513815.0,12977745.0,12126346.0,13415408.666666666,12985965.0,55422213.0,54617446.0,51919693.0,55172874.0,54454818.5,3
2019-04-01,4189144,13642906,130000,30853485,40939,11061018,63.86,2.65,594.25,55557409,24.556411548997904,55.53442026067127,19.909168190330835,267518735.84,6233396.706896552,273752132.5468966,97.72297784535844,22958.192679848547,58.15,51.38,70.75,58.98666666666667,55.80333333333334,2.95,3.11,3.28,2.7633333333333336,3.2550000000000003,13675244.0,13057167.0,12211233.0,13610655.0,13224577.166666666,55775856.0,54320553.0,52781642.0,55585159.333333336,54917446.333333336,4
2019-05-01,4265974,14060532,130000,31080053,38419,11248503,60.83,2.64,761.4,56389088,24.934845550259656,55.11714074893356,19.948013700806793,259499198.42,6399966.289655172,265899164.70965517,97.59308522212037,18466.68242710796,63.86,54.95,56.96,60.94666666666666,56.44833333333333,2.65,2.69,4.09,2.7466666666666666,3.0133333333333336,13642906.0,13513815.0,12480586.0,13792894.0,13487901.5,55557409.0,55422213.0,53811201.0,55907451.0,55347094.166666664,5
2019-06-01,4283339,14296680,133000,31674961,39789,11314225,54.66,2.4,879.5,57285866,24.956731910101524,55.292802940257545,19.750465149640924,234127309.73999998,5915867.586206897,240043177.32620686,97.53549854984318,16255.463331438317,60.83,58.15,49.52,59.78333333333333,57.305,2.64,2.95,4.04,2.563333333333333,2.74,14060532.0,13675244.0,12977745.0,14000039.333333334,13707724.0,56389088.0,55775856.0,54617446.0,56410787.666666664,55791830.833333336,6
2019-07-01,4346901,14572577,153000,31789224,40442,11582141,57.35,2.37,927.5,57943942,25.149440126113614,54.86203199637332,19.988527877513064,249294772.35,5954656.463793104,255249428.8137931,97.66712251170713,15711.673315363882,54.66,63.86,51.38,57.61333333333334,58.300000000000004,2.4,2.65,3.11,2.47,2.6166666666666667,14296680.0,13642906.0,13057167.0,14309929.666666666,13960292.333333334,57285866.0,55557409.0,54320553.0,57206298.666666664,56395729.0,7
2019-08-01,4468903,15228233,157000,32404571,39789,11610169,54.81,2.22,939.0,59242973,25.704707628362943,54.69774617826827,19.59754619336879,244940573.43,5828737.45862069,250769310.8886207,97.67565758426893,16217.500532481363,57.35,60.83,54.95,55.60666666666666,58.27666666666667,2.37,2.64,2.69,2.33,2.5383333333333336,14572577.0,14060532.0,13513815.0,14699163.333333334,14246028.666666666,57943942.0,56389088.0,55422213.0,58157593.666666664,57032522.333333336,8
2019-09-01,4553607,15746359,160000,32841073,40317,11525402,56.95,2.56,989.5,60112834,26.194670841837205,54.63238183047567,19.17294732768713,259327918.65,6950117.07586207,266278035.7258621,97.38990222873007,15913.45022738757,54.81,54.66,58.15,56.370000000000005,58.07666666666666,2.22,2.4,2.95,2.3833333333333333,2.473333333333333,15228233.0,14296680.0,13675244.0,15182389.666666666,14591214.5,59242973.0,57285866.0,55775856.0,59099916.333333336,57755352.0,9
2019-10-01,4637986,15865988,159000,32950894,40146,11656216,53.96,2.33,1114.75,60473098,26.236439879432005,54.48851653011063,19.275043590457365,250265724.56,6373750.3517241385,256639474.91172415,97.5164575309716,14232.776855797263,56.95,57.35,63.86,55.24000000000001,56.42666666666668,2.56,2.37,2.65,2.3700000000000006,2.42,15746359.0,14572577.0,13642906.0,15613526.666666666,14961728.166666666,60112834.0,57943942.0,55557409.0,59942968.333333336,58574633.5,10
2019-11-01,4768062,16268832,155000,34109705,40684,11789272,57.03,2.65,1177.8,62167809,26.16922208083608,54.8671499746758,18.96362794448812,271922575.86,7433173.241379309,279355749.10137933,97.3391729845224,13812.898624554255,53.96,54.81,60.83,55.98,55.79333333333333,2.33,2.22,2.64,2.513333333333333,2.4216666666666664,15865988.0,15228233.0,14060532.0,15960393.0,15329778.166666666,60473098.0,59242973.0,56389088.0,60917913.666666664,59537753.666666664,11
2019-12-01,4801409,16403566,152000,33932487,41579,11928035,59.88,2.22,1124.5,62264088,26.345147784064547,54.49768572856958,19.157166487365878,287508370.92,6278606.296551724,293786977.2165517,97.86287113335057,14587.430858159181,57.03,56.95,54.66,56.95666666666667,56.663333333333334,2.65,2.56,2.4,2.4000000000000004,2.391666666666667,16268832.0,15746359.0,14296680.0,16179462.0,15680925.833333334,62167809.0,60112834.0,57285866.0,61634998.333333336,60367457.333333336,12
2020-01-01,4837214,16622236,146000,32618056,41872,11707119,57.52,2.02,1034.8,60947411,27.273079737546198,53.51836192024629,19.208558342207514,278236549.28000003,5789123.572413793,284025672.85241383,97.96176045838575,16063.235407808274,59.88,53.96,57.35,58.14333333333334,56.69166666666666,2.22,2.33,2.37,2.296666666666667,2.3333333333333335,16403566.0,15865988.0,14572577.0,16431544.666666666,16022535.666666666,62264088.0,60473098.0,57943942.0,61793102.666666664,60868035.5,1
2020-02-01,4820257,16509376,146000,33110450,41255,11785388,50.54,1.91,842.75,61405214,26.885951411227065,53.921235418217094,19.19281317055584,243615788.78,5436708.303448276,249052497.0834483,97.81704324706023,19589.88549391872,57.52,57.03,54.81,55.98,55.98,2.02,2.65,2.22,2.0500000000000003,2.2816666666666667,16622236.0,16268832.0,15228233.0,16511726.0,16236059.5,60947411.0,62167809.0,59242973.0,61538904.333333336,61228409.0,2
2020-03-01,4915111,16847949,136000,33072957,40319,12009392,29.21,1.79,819.0,61930298,27.204695511072785,53.403516643824325,19.391787845102893,143570392.31,5199625.639655173,148770017.94965518,96.50492369946829,20571.3663003663,50.54,59.88,56.95,45.75666666666667,51.35666666666666,1.91,2.22,2.56,1.9066666666666665,2.1533333333333333,16509376.0,16403566.0,15746359.0,16659853.666666666,16419657.833333334,61405214.0,62264088.0,60112834.0,61427641.0,61531319.666666664,3
2020-04-01,4613617,16074913,125000,32485051,36101,11990682,16.55,1.74,925.75,60550646,26.54788026538974,53.64938798505965,19.802731749550617,76355361.35000001,4822473.9,81177835.25000001,94.05937115082162,17364.205238995408,29.21,57.52,53.96,32.1,45.12166666666667,1.79,2.02,2.33,1.8133333333333332,2.055,16847949.0,16622236.0,15865988.0,16477412.666666666,16454478.666666666,61930298.0,60947411.0,60473098.0,61295386.0,61544244.333333336,4
2020-05-01,3957275,14486981,123000,32348709,29654,12204762,28.56,1.75,1080.6,59040452,24.537381590506794,54.790754311975796,20.67186409751741,113019774.0,4371071.853448276,117390845.85344827,96.27647980413639,13406.423283361097,16.55,50.54,57.03,24.77333333333333,40.376666666666665,1.74,1.91,2.65,1.7599999999999998,1.905,16074913.0,16509376.0,16268832.0,15803281.0,16157503.5,60550646.0,61405214.0,62167809.0,60507132.0,61023018.166666664,5
2020-06-01,4314468,15796966,128000,32348599,34012,11874584,38.31,1.63,1190.25,60020149,26.319438160675006,53.89623241355166,19.784329425773333,165287269.08,4439492.168965518,169726761.24896553,97.38432988628504,13271.973114891829,28.56,29.21,59.88,27.80666666666667,36.781666666666666,1.75,1.79,2.22,1.7066666666666663,1.8066666666666666,14486981.0,16847949.0,16403566.0,15452953.333333334,16056403.5,59040452.0,61930298.0,62264088.0,59870415.666666664,60649028.333333336,6
2020-07-01,4378565,16464549,130000,32915389,33609,11468046,40.71,1.76,1220.0,60847984,27.058495479488688,54.09446104245623,18.84704347805508,178251381.15,4996139.006896552,183247520.15689656,97.27355709773379,13495.531967213115,38.31,16.55,57.52,35.86000000000001,33.98,1.63,1.74,2.02,1.7133333333333332,1.7633333333333334,15796966.0,16074913.0,16622236.0,15582832.0,16030122.333333334,60020149.0,60550646.0,60947411.0,59969528.333333336,60632457.166666664,7
2020-08-01,4321206,16719882,138000,33212201,32946,11399813,42.34,2.3,1223.0,61331896,27.261316036927997,54.15159674828901,18.58708721478299,182959862.04000002,6630298.034482758,189590160.07448277,96.50282586824234,13671.203597710548,40.71,28.56,50.54,40.45333333333334,32.61333333333334,1.76,1.75,1.91,1.8966666666666665,1.8283333333333331,16464549.0,14486981.0,16509376.0,16327132.333333334,16065206.666666666,60847984.0,59040452.0,61405214.0,60733343.0,60620237.5,8
2020-09-01,4310955,16747785,146000,32929201,33658,11533672,39.63,1.92,1276.25,61210658,27.360896855577018,53.79651530620697,18.84258783821602,170843146.65,5544094.344827586,176387240.9948276,96.85686203063284,13122.652301665034,42.34,38.31,29.21,40.89333333333334,34.35,2.3,1.63,1.79,1.9933333333333332,1.8500000000000003,16719882.0,15796966.0,16847949.0,16644072.0,16048512.666666666,61331896.0,60020149.0,61930298.0,61130179.333333336,60500297.5,9
2020-10-01,4361410,16773714,130000,32810121,33635,11579464,39.4,2.39,1319.4,61163299,27.42447558297992,53.64347825646226,18.93204616055782,171839554.0,6911926.975862069,178751480.97586206,96.13321974278053,12713.137789904502,39.63,40.71,16.55,40.45666666666667,38.15833333333333,1.92,1.76,1.74,2.203333333333333,1.9583333333333333,16747785.0,16464549.0,16074913.0,16747127.0,16164979.5,61210658.0,60847984.0,60550646.0,61235284.333333336,60602406.333333336,10
2020-11-01,4401784,16874488,128000,34063027,34313,12159788,40.94,2.61,1309.25,63097303,26.743596315043767,53.98491754869459,19.27148613626164,180209036.95999998,7593519.6,187802556.55999997,95.95664737525873,12888.667557762077,39.4,42.34,28.56,39.99,40.221666666666664,2.39,2.3,1.75,2.3066666666666666,2.1016666666666666,16773714.0,16719882.0,14486981.0,16798662.333333332,16562897.333333334,61163299.0,61331896.0,59040452.0,61823753.333333336,61278548.166666664,11
2020-12-01,4376318,16546130,128000,34948224,34840,12389685,47.02,2.58,1235.0,63884039,25.900256557040795,54.70572078261989,19.394022660339306,205774472.36,7360175.068965517,213134647.42896554,96.5467017410116,13397.676113360323,40.94,39.63,38.31,42.45333333333333,41.67333333333333,2.61,1.92,1.63,2.526666666666667,2.26,16874488.0,16747785.0,15796966.0,16731444.0,16687758.0,63097303.0,61210658.0,60020149.0,62714880.333333336,61922529.833333336,12
2021-01-01,4439680,16739409,127000,34323863,34190,12510138,52.0,2.71,1064.8,63573410,26.33083391310927,53.99091066532375,19.678255421566973,230863360.0,7821344.55,238684704.55,96.72314798522768,15720.70717505635,47.02,39.4,40.71,46.653333333333336,43.55500000000001,2.58,2.39,1.76,2.6333333333333333,2.4183333333333334,16546130.0,16773714.0,16464549.0,16720009.0,16733568.0,63884039.0,61163299.0,60847984.0,63518250.666666664,62376767.5,1
2021-02-01,3683134,13668082,123000,34217446,28965,11143559,59.04,5.35,770.25,59029087,23.15482534906901,57.96709340938985,18.87808124154114,217452231.35999998,12607627.362068964,230059858.72206894,94.51984912444027,17744.994482310936,52.0,40.94,42.34,52.68666666666667,46.33833333333334,2.71,2.61,2.3,3.546666666666667,2.926666666666667,16739409.0,16874488.0,16719882.0,15651207.0,16224934.666666666,63573410.0,63097303.0,61331896.0,62162178.666666664,61992966.0,2
2021-03-01,4610062,16852649,128000,34247211,34228,12819796,62.33,2.62,721.0,63919656,26.365362479422604,53.578528332505414,20.05610918807198,287345164.46,7612748.341379311,294957912.80137926,97.41903912016573,23373.99306518724,59.04,47.02,39.63,57.79,50.12166666666667,5.35,2.58,1.92,3.56,3.043333333333333,13668082.0,16546130.0,16747785.0,15753380.0,16242412.0,59029087.0,63884039.0,61210658.0,62174051.0,62444465.666666664,3
2021-04-01,4633995,17996875,127000,33777295,33796,12942634,61.72,2.66,805.6,64716804,27.80865847454395,52.192464572261635,19.998876953194415,286010171.4,8253739.224137932,294263910.6241379,97.1951235179905,22339.71573982125,62.33,52.0,39.4,61.03,53.84166666666666,2.62,2.71,2.39,3.543333333333333,3.0883333333333334,16852649.0,16739409.0,16773714.0,16172535.333333334,16446272.166666666,63919656.0,63573410.0,61163299.0,62555182.333333336,63036716.5,4
2021-05-01,4698533,17757162,125000,33989673,32653,12928510,65.17,2.91,908.75,64675345,27.45584426337424,52.55429715914156,19.989858577484203,306203395.61,8909196.796551725,315112592.4065517,97.17269413814563,19540.205777166437,61.72,59.04,40.94,63.07333333333333,57.879999999999995,2.66,5.35,2.61,2.7300000000000004,3.1383333333333336,17996875.0,13668082.0,16874488.0,17535562.0,16593384.5,64716804.0,59029087.0,63097303.0,64437268.333333336,63299723.5,5
2021-06-01,4724618,17883000,122000,34252065,32596,13186212,71.38,3.26,993.75,65321277,27.37699080806396,52.43630647331037,20.186702718625664,337243232.84,10051479.310344826,347294712.1503448,97.10577818818228,17995.471698113208,65.17,62.33,47.02,66.08999999999999,61.94,2.91,2.62,2.58,2.9433333333333334,3.2516666666666665,17757162.0,16852649.0,16546130.0,17879012.333333332,16816196.166666668,64675345.0,63919656.0,63884039.0,64904475.333333336,63539263.166666664,6
2021-07-01,4796876,18375646,111000,33700491,32506,13625387,72.49,3.84,992.4,65701524,27.96837102287003,51.29331703173278,20.738311945397186,347725541.23999995,12165944.937931035,359891486.177931,96.61955189128419,18516.37041515518,71.38,61.72,52.0,69.67999999999999,65.355,3.26,2.66,2.71,3.3366666666666664,3.4399999999999995,17883000.0,17996875.0,16739409.0,18005269.333333332,17088902.333333332,65321277.0,64716804.0,63573410.0,65232715.333333336,63893948.833333336,7
2021-08-01,4925791,18661894,116000,34571080,32100,13504655,67.73,4.07,970.75,66737629,27.963076123066944,51.80148069090078,20.235443186032278,333623824.43,13095501.479310347,346719325.90931034,96.22302522509644,19224.201905742982,72.49,65.17,59.04,70.53333333333333,66.80333333333333,3.84,2.91,5.35,3.723333333333333,3.2266666666666666,18375646.0,17757162.0,13668082.0,18306846.666666668,17921204.333333332,65701524.0,64675345.0,59029087.0,65920143.333333336,65178705.833333336,8
2021-09-01,4996858,19393309,117000,34582420,33699,13872792,71.65,5.16,977.75,67848521,28.583245020182535,50.97004251573885,20.44671246407862,358024875.70000005,17253357.662068967,375278233.362069,95.40251575277938,19834.629506520072,67.73,71.38,62.33,70.62333333333333,68.35666666666667,4.07,3.26,2.62,4.3566666666666665,3.65,18661894.0,17883000.0,16852649.0,18810283.0,18344647.666666668,66737629.0,65321277.0,63919656.0,66762558.0,65833516.666666664,9
2021-10-01,5075257,19690467,107000,34772357,35083,14062733,81.48,5.51,1111.4,68525557,28.734486609134752,50.74363277338993,20.521880617475315,413531940.36,18705943.65,432237884.01,95.6723035296075,17716.81392837862,71.65,72.49,61.72,73.62,71.65,5.16,3.84,2.66,4.913333333333333,4.125,19393309.0,18375646.0,17996875.0,19248556.666666668,18626913.0,67848521.0,65701524.0,64716804.0,67703902.33333333,66468308.833333336,10
2021-11-01,5136346,19796900,107000,35417580,36602,14516026,79.15,5.05,1187.0,69730506,28.390587040914344,50.79208804249893,20.817324916586724,406541785.90000004,17236956.03448276,423778741.9344828,95.9325576465212,16678.09604043808,81.48,67.73,65.17,77.42666666666668,73.98,5.51,4.07,2.91,5.239999999999999,4.4816666666666665,19690467.0,18661894.0,17757162.0,19626892.0,18966869.333333332,68525557.0,66737629.0,64675345.0,68701528.0,67310835.66666667,11
2021-12-01,5108047,19433302,104000,36031593,36770,14681087,71.71,3.76,1148.0,70145982,27.704084319469647,51.366581481459626,20.92933419907073,366298050.36999995,12598140.606896551,378896190.9768965,96.67504163227,16927.963414634145,79.15,71.65,71.38,77.44666666666667,74.03500000000001,5.05,5.16,3.26,4.773333333333333,4.565,19796900.0,19393309.0,17883000.0,19640223.0,19225253.0,69730506.0,67848521.0,65321277.0,69467348.33333333,68114953.16666667,12
2022-01-01,5034687,18838299,105000,34596722,35950,14509371,83.22,4.38,970.5,67944392,27.72605427096912,50.91917225486395,21.354773474166933,418986652.14,14226163.727586208,433212815.8675862,96.71612583780657,19410.92117465224,71.71,81.48,72.49,78.02666666666667,75.82333333333334,3.76,5.51,3.84,4.3966666666666665,4.655,19433302.0,19690467.0,18375646.0,19356167.0,19302361.833333332,70145982.0,68525557.0,65701524.0,69273626.66666667,68488764.5,1
2022-02-01,5045344,19018842,105000,34161258,36611,14590024,91.64,4.69,681.75,67770124,28.063755645481773,50.40754831730867,21.528696037209553,462355324.16,15379029.134482762,477734353.29448277,96.78084085257255,27897.091309130912,83.22,79.15,67.73,82.19,79.80833333333334,4.38,5.05,4.07,4.276666666666667,4.758333333333334,18838299.0,19796900.0,18661894.0,19096814.333333332,19361853.166666668,67944392.0,69730506.0,66737629.0,68620166.0,68660847.0,2
2022-03-01,5258301,20161212,110000,34261425,38037,14481500,108.5,4.9,573.5,68904137,29.259799016131645,49.723320676667065,21.016880307201294,570525658.5,17032748.06896552,587558406.5689656,97.10109703502874,35154.685265911074,91.64,71.71,71.65,94.45333333333333,85.95,4.69,3.76,5.16,4.656666666666666,4.715,19018842.0,19433302.0,19393309.0,19339451.0,19489837.0,67770124.0,70145982.0,67848521.0,68206217.66666667,68836783.0,3
2022-04-01,5315849,20563451,117000,34005289,37496,14985816,101.78,6.6,652.0,69554556,29.564491792600904,48.89009571134348,21.54541249605561,541047111.22,23399789.068965517,564446900.2889656,95.85438611550774,31539.03527607362,108.5,83.22,81.48,100.64,89.33333333333333,4.9,4.38,5.51,5.396666666666667,4.8966666666666665,20161212.0,18838299.0,19690467.0,19914501.666666668,19635334.333333332,68904137.0,67944392.0,68525557.0,68742939.0,69008282.83333333,4
2022-05-01,5281546,20546833,115000,34512767,36001,15355596,109.55,8.14,786.5,70415196,29.17954385868641,49.013237142732656,21.807218998580932,578593364.3,28836417.348275866,607429781.6482759,95.25271591557009,26124.39033693579,101.78,91.64,79.15,106.61000000000001,94.39999999999999,6.6,4.69,5.05,6.546666666666667,5.411666666666666,20563451.0,19018842.0,19796900.0,20423832.0,19760323.166666668,69554556.0,67770124.0,69730506.0,69624629.66666667,69122397.83333333,5
2022-06-01,5276614,20370691,112000,34734775,35225,15308892,114.84,7.7,867.25,70414358,28.929740437312518,49.329108418484765,21.741151144202718,605966351.76,27043848.396551725,633010200.1565517,95.72773892271192,23488.83366964543,109.55,108.5,71.71,108.72333333333334,101.58833333333332,8.14,4.9,3.76,7.48,6.068333333333334,20546833.0,20161212.0,19433302.0,20493658.333333332,19916554.666666668,70415196.0,68904137.0,70145982.0,70128036.66666667,69167127.16666667,6
2022-07-01,5380163,20818843,117000,34820230,34842,15397173,101.62,7.28,876.6,71036246,29.30735247467891,49.01755365845205,21.675093866869037,546732164.0600001,26131237.420689657,572863401.4806898,95.4384871937799,23749.535706137347,114.84,101.78,83.22,108.67,104.65499999999999,7.7,6.6,4.38,7.706666666666667,6.551666666666667,20370691.0,20563451.0,18838299.0,20578789.0,20246645.333333332,70414358.0,69554556.0,67944392.0,70621933.33333333,69682436.16666667,7
2022-08-01,5483690,21095643,114000,34833058,35764,15621544,93.67,8.81,873.0,71550245,29.48367682039384,48.68335251682227,21.832970662783893,513657242.3,32043554.281034485,545700796.5810345,94.12799935756073,24164.539518900343,101.62,109.55,91.64,103.37666666666667,104.99333333333333,7.28,8.14,4.69,7.93,7.238333333333333,20818843.0,20546833.0,19018842.0,20761725.666666668,20592778.833333332,71036246.0,70415196.0,67770124.0,71000283.0,70312456.33333333,8
2022-09-01,5631444,21696341,114000,35009415,36623,16039054,84.26,7.88,937.4,72744810,29.8252768822958,48.12634055955332,22.048382558150884,474505471.44000006,29477097.772413794,503982569.21241385,94.1511672083266,23145.232558139534,93.67,114.84,108.5,93.18333333333334,100.95333333333333,8.81,7.7,4.9,7.990000000000001,7.735,21095643.0,20370691.0,20161212.0,21203609.0,20848633.666666668,71550245.0,70414358.0,68904137.0,71777100.33333333,70952568.5,9
2022-10-01,5676657,21692273,122000,34423846,35887,16413410,87.55,5.66,1108.0,72529529,29.908195047013198,47.461835854469705,22.6299690985171,496991320.34999996,21168666.410344828,518159986.7603448,95.9146466436561,19577.863718411554,84.26,101.62,101.78,88.49333333333334,98.58166666666666,7.88,7.28,6.6,7.45,7.578333333333333,21696341.0,20818843.0,20563451.0,21494752.333333332,21036770.666666668,72744810.0,71036246.0,69554556.0,72274861.33333333,71448397.33333333,10
2022-11-01,5709354,21586799,127000,34898141,35219,16449398,84.37,5.45,1200.5,72934338,29.597579949241464,47.84871153557327,22.55370851518526,481698196.98,20284147.336206898,501982344.31620693,95.9591910819418,17981.50687213661,87.55,93.67,109.55,85.39333333333333,94.385,5.66,8.81,8.14,6.330000000000001,7.13,21692273.0,21095643.0,20546833.0,21658471.0,21210098.333333332,72529529.0,71550245.0,70415196.0,72736225.66666667,71868254.33333333,11
2022-12-01,5691602,21418109,122000,34789682,33514,16271585,76.44,5.53,1152.8,72479376,29.550625546224353,47.99942262196076,22.44995183181489,435066056.88,20421059.098275866,455487115.97827584,95.51665494326522,18579.20628036086,84.37,84.26,114.84,82.78666666666668,87.985,5.45,7.88,7.7,5.546666666666667,6.7683333333333335,21586799.0,21696341.0,20370691.0,21565727.0,21384668.0,72934338.0,72744810.0,70414358.0,72647747.66666667,72212424.0,12
2023-01-01,5796341,21871587,144000,35216640,35644,16424212,78.12,3.27,1057.0,73512439,29.752226014430022,47.905688450902844,22.342085534667135,452810158.92,12331049.912068965,465141208.832069,97.34896636162786,20692.13528855251,76.44,87.55,101.62,79.64333333333333,84.06833333333334,5.53,5.66,7.28,4.750000000000001,6.099999999999999,21418109.0,21692273.0,20818843.0,21625498.333333332,21560125.333333332,72479376.0,72529529.0,71036246.0,72975384.33333333,72625122.83333333,1
2023-02-01,5719679,21832994,152000,35009390,35762,16887547,76.83,2.38,932.75,73729931,29.61211777073276,47.48328056891848,22.904601660348767,439442937.57,8959056.158620689,448401993.7286207,98.0020034959874,23407.123023318145,78.12,84.37,93.67,77.13,81.26166666666667,3.27,5.45,8.81,3.7266666666666666,5.028333333333333,21871587.0,21586799.0,21095643.0,21707563.333333332,21683017.166666668,73512439.0,72934338.0,71550245.0,73240582.0,72988403.83333333,2
2023-03-01,5875542,22882227,152000,35251783,35257,16642304,73.28,2.31,924.4,74776314,30.600902579926583,47.142980329305885,22.25611709076754,430559717.76,9113438.684482759,439673156.44448274,97.92722422306136,24753.59909130247,76.83,76.44,84.26,76.07666666666667,79.43166666666667,2.38,5.53,7.88,2.6533333333333333,4.1000000000000005,21832994.0,21418109.0,21696341.0,22195602.666666668,21880664.833333332,73729931.0,72479376.0,72744810.0,74006228.0,73326987.83333333,3
2023-04-01,5871333,23048039,153000,35465922,34590,16678925,79.45,2.16,956.25,75192886,30.651887733102832,47.16659232896048,22.18151993793668,466477406.85,8583407.627586208,475060814.4775862,98.19319814095272,24102.524444444443,73.28,78.12,87.55,76.52,78.08166666666666,2.31,3.27,5.66,2.283333333333333,3.516666666666667,22882227.0,21871587.0,21692273.0,22587753.333333332,22106625.833333332,74776314.0,73512439.0,72529529.0,74566377.0,73770880.66666667,4
2023-05-01,5841500,23010462,155000,35751122,34588,17235960,71.58,2.15,1034.5,75997544,30.27790213852174,47.04247021456378,22.679627646914486,418134570.0,8529740.224137932,426664310.2241379,98.00083109373338,22243.07588206863,79.45,76.83,84.37,74.77,75.95,2.16,2.38,5.45,2.206666666666667,2.966666666666667,23048039.0,21832994.0,21586799.0,22980242.666666668,22343903.0,75192886.0,73729931.0,72934338.0,75322248.0,74281415.0,5
2023-06-01,5756561,22681938,148000,35816168,31393,16469354,70.25,2.18,1119.0,74967460,30.2557109444551,47.77561891519334,21.96867014035156,404398410.25,8525280.144827588,412923690.3948276,97.93538604271508,20269.82841823056,71.58,73.28,76.44,73.76,74.91833333333334,2.15,2.31,5.53,2.1633333333333336,2.408333333333333,23010462.0,22882227.0,21418109.0,22913479.666666668,22554541.166666668,75997544.0,74776314.0,72479376.0,75385963.33333333,74696095.66666667,6
2023-07-01,5852070,23115369,137000,35905230,32112,16614628,76.07,2.55,1140.25,75635227,30.561644245478366,47.47157035702425,21.966785397497386,445166964.9,10162791.543103447,455329756.44310343,97.76803703265693,20272.193817145362,70.25,79.45,78.12,72.63333333333333,74.57666666666667,2.18,2.16,3.27,2.2933333333333334,2.2883333333333336,22681938.0,23048039.0,21871587.0,22935923.0,22761838.166666668,74967460.0,75192886.0,73512439.0,75533410.33333333,75049893.66666667,7
2023-08-01,5936711,23604200,139000,36363552,32181,16619791,81.39,2.58,1081.0,76587543,30.819894561704373,47.47972134319546,21.700384095100166,483188908.29,10499799.310344828,493688707.60034484,97.87319435330396,21835.522664199816,76.07,71.58,76.83,75.90333333333332,75.33666666666666,2.55,2.15,2.38,2.436666666666667,2.3216666666666668,23115369.0,23010462.0,21832994.0,23133835.666666668,23057039.166666668,75635227.0,75997544.0,73729931.0,75730076.66666667,75526162.33333333,8
2023-09-01,5927455,24009780,144000,35835181,31310,16535150,89.43,2.64,1058.2,76380111,31.43459689394795,46.91690091940296,21.64850218664909,530092300.65000004,10928589.51724138,541020890.1672415,97.98000600053297,22689.264789264787,81.39,70.25,73.28,82.29666666666667,78.02833333333334,2.58,2.18,2.31,2.59,2.3766666666666665,23604200.0,22681938.0,22882227.0,23576449.666666668,23244964.666666668,76587543.0,74967460.0,74776314.0,76200960.33333333,75793461.83333333,9
2023-10-01,6059883,24036225,157000,35904230,32821,16380143,85.64,2.98,1165.25,76320598,31.4937587360099,47.043957910287865,21.462283353702233,518968380.12,12349646.637931034,531318026.75793105,97.67565826567417,20627.526281913753,89.43,76.07,79.45,85.48666666666668,79.06,2.64,2.55,2.16,2.733333333333333,2.513333333333333,24009780.0,23115369.0,23048039.0,23883401.666666668,23409662.333333332,76380111.0,75635227.0,75192886.0,76429417.33333333,75981413.83333333,10
2023-11-01,6174728,24670673,161000,37083058,32891,16692304,77.69,2.71,1236.0,78446035,31.449228759618,47.27206161535124,21.27870962503076,479714618.32,11527159.281034483,491241777.60103446,97.65346519644012,19960.09142394822,85.64,81.39,71.58,84.25333333333334,80.07833333333333,2.98,2.58,2.15,2.776666666666667,2.606666666666667,24036225.0,23604200.0,23010462.0,24238892.666666668,23686364.166666668,76320598.0,76587543.0,75997544.0,77048914.66666667,76389495.66666667,11
2023-12-01,6216294,25157353,152000,37161113,33700,15466944,71.9,2.52,1207.6,77785410,32.34199446914274,47.77388587397045,19.88411965688681,446951538.6,10930436.131034484,457881974.7310345,97.61282672517189,20832.52153030805,77.69,89.43,70.25,78.41,80.35333333333334,2.71,2.64,2.18,2.7366666666666664,2.6633333333333336,24670673.0,24009780.0,22681938.0,24621417.0,24098933.333333332,78446035.0,76380111.0,74967460.0,77517347.66666667,76859154.0,12
2024-01-01,5977682,23996429,150000,36411586,32374,15189640,74.15,3.18,1049.5,75597655,31.742292799955234,48.16496755091147,20.092739649133296,443245120.3,13156662.796551725,456401783.0965517,97.1173068809487,22864.629823725583,71.9,85.64,76.07,74.58,80.03333333333335,2.52,2.98,2.55,2.8033333333333332,2.768333333333333,25157353.0,24036225.0,23115369.0,24608151.666666668,24245776.666666668,77785410.0,76320598.0,75635227.0,77276366.66666667,76852892.0,1
2024-02-01,6157509,24851709,138000,36436818,32886,16039789,77.25,1.72,932.75,77328316,32.137915689254115,47.119632089233654,20.742452221512234,475667570.25,7369817.151724138,483037387.40172416,98.47427604074983,26643.48324845886,74.15,77.69,81.39,74.43333333333334,79.34333333333335,3.18,2.71,2.58,2.473333333333333,2.6250000000000004,23996429.0,24670673.0,23604200.0,24668497.0,24453694.833333332,75597655.0,78446035.0,76587543.0,76903793.66666667,76976354.16666667,2
2024-03-01,6152235,24976757,136929,36238957,32829,15966494,81.28,1.49,980.4,77182208,32.360770243836505,46.95247510928944,20.686754646874057,500053660.8,6416442.746551724,506470103.54655176,98.73310533008352,25476.08833129335,77.25,71.9,89.43,77.56,77.985,1.72,2.52,2.64,2.1300000000000003,2.4333333333333336,24851709.0,25157353.0,24009780.0,24608298.333333332,24614857.666666668,77328316.0,77785410.0,76380111.0,76702726.33333333,77110037.0,3
2024-04-01,6157013,25111388,136340,36097450,32696,15815876,85.35,1.6,1043.25,77024714,32.60172832319767,46.86476343164351,20.53350824515882,525501059.54999995,6927279.448275863,532428338.9982758,98.69892735963134,24070.34555475677,81.28,74.15,85.64,81.29333333333334,77.93666666666667,1.49,3.18,2.98,1.6033333333333335,2.2033333333333336,24976757.0,23996429.0,24036225.0,24979951.333333332,24794051.5,77182208.0,75597655.0,76320598.0,77178412.66666667,77227389.66666667,4
2024-05-01,6168529,25250453,135827,35967317,32493,15605874,80.02,2.12,1114.4,76823644,32.86807509417283,46.81803039699601,20.31389450883116,493605690.58,9229475.924137933,502835166.50413793,98.16451263973758,22658.339016511127,85.35,77.25,77.69,82.21666666666665,78.325,1.6,1.72,2.71,1.736666666666667,2.105,25111388.0,24851709.0,24670673.0,25112866.0,24890681.5,77024714.0,77328316.0,78446035.0,77010188.66666667,76956991.16666667,5
2024-06-01,6186501,25393228,134915,35791063,32222,15338978,79.77,2.54,1170.0,76523269,33.18366861718884,46.77147679093532,20.04485459187584,493497184.77,11120482.606896551,504617667.37689656,97.79625579407414,21703.613675213674,80.02,81.28,71.9,81.71333333333332,79.63666666666667,2.12,1.49,2.52,2.0866666666666664,2.1083333333333334,25250453.0,24976757.0,25157353.0,25251689.666666668,24929994.0,76823644.0,77182208.0,77785410.0,76790542.33333333,76746634.33333333,6
